trade_date,security_id,symbol,fyers_symbol,open,high,low,close,volume,source,downloaded_at
2002-12-31,SMD-0215,SUPREMEIND,NSE:SUPREMEIND-EQ,10.99,10.99,10.01,10.47,961,FYERS_HISTORY,2026-08-08T23:55:18+05:30
2003-01-01,SMD-0215,SUPREMEIND,NSE:SUPREMEIND-EQ,10.79,11.1,10.18,10.97,7536,FYERS_HISTORY,2026-08-08T23:55:18+05:30
2003-01-02,SMD-0215,SUPREMEIND,NSE:SUPREMEIND-EQ,10.95,11.4,10.95,11.11,6175,FYERS_HISTORY,2026-08-08T23:55:18+05:30
2003-01-03,SMD-0215,SUPREMEIND,NSE:SUPREMEIND-EQ,11.7,11.7,11.04,11.13,4452,FYERS_HISTORY,2026-08-08T23:55:18+05:30
2003-01-06,SMD-0215,SUPREMEIND,NSE:SUPREMEIND-EQ,10.56,10.9,10.56,10.69,377,FYERS_HISTORY,2026-08-08T23:55:18+05:30
2003-01-07,SMD-0215,SUPREMEIND,NSE:SUPREMEIND-EQ,10.7,11.09,10.56,11.05,5158,FYERS_HISTORY,2026-08-08T23:55:18+05:30
2003-01-08,SMD-0215,SUPREMEIND,NSE:SUPREMEIND-EQ,11.0,11.3,11.0,11.07,1935,FYERS_HISTORY,2026-08-08T23:55:18+05:30
2003-01-09,SMD-0215,SUPREMEIND,NSE:SUPREMEIND-EQ,11.25,11.68,11.03,11.55,2366,FYERS_HISTORY,2026-08-08T23:55:18+05:30
2003-01-10,SMD-0215,SUPREMEIND,NSE:SUPREMEIND-EQ,11.43,11.52,11.13,11.5,3527,FYERS_HISTORY,2026-08-08T23:55:18+05:30
2003-01-13,SMD-0215,SUPREMEIND,NSE:SUPREMEIND-EQ,11.5,11.5,11.22,11.24,1508,FYERS_HISTORY,2026-08-08T23:55:18+05:30
2003-01-14,SMD-0215,SUPREMEIND,NSE:SUPREMEIND-EQ,11.12,11.25,11.1,11.15,397,FYERS_HISTORY,2026-08-08T23:55:18+05:30
2003-01-15,SMD-0215,SUPREMEIND,NSE:SUPREMEIND-EQ,11.49,11.5,11.16,11.4,3100,FYERS_HISTORY,2026-08-08T23:55:18+05:30
2003-01-16,SMD-0215,SUPREMEIND,NSE:SUPREMEIND-EQ,11.01,11.15,11.0,11.03,4447,FYERS_HISTORY,2026-08-08T23:55:18+05:30
2003-01-17,SMD-0215,SUPREMEIND,NSE:SUPREMEIND-EQ,11.07,11.07,11.0,11.0,1179,FYERS_HISTORY,2026-08-08T23:55:18+05:30
2003-01-20,SMD-0215,SUPREMEIND,NSE:SUPREMEIND-EQ,11.03,11.1,11.0,11.01,2412,FYERS_HISTORY,2026-08-08T23:55:18+05:30
2003-01-21,SMD-0215,SUPREMEIND,NSE:SUPREMEIND-EQ,11.03,11.03,11.03,11.03,165,FYERS_HISTORY,2026-08-08T23:55:18+05:30
2003-01-22,SMD-0215,SUPREMEIND,NSE:SUPREMEIND-EQ,11.0,11.0,11.0,11.0,950,FYERS_HISTORY,2026-08-08T23:55:18+05:30
2003-01-23,SMD-0215,SUPREMEIND,NSE:SUPREMEIND-EQ,11.0,11.2,11.0,11.15,2181,FYERS_HISTORY,2026-08-08T23:55:18+05:30
2003-01-24,SMD-0215,SUPREMEIND,NSE:SUPREMEIND-EQ,10.84,10.84,10.7,10.7,991,FYERS_HISTORY,2026-08-08T23:55:18+05:30
2003-01-27,SMD-0215,SUPREMEIND,NSE:SUPREMEIND-EQ,10.7,10.99,10.31,10.56,3027,FYERS_HISTORY,2026-08-08T23:55:18+05:30
2003-01-28,SMD-0215,SUPREMEIND,NSE:SUPREMEIND-EQ,10.46,10.5,10.3,10.45,1564,FYERS_HISTORY,2026-08-08T23:55:18+05:30
2003-01-29,SMD-0215,SUPREMEIND,NSE:SUPREMEIND-EQ,10.22,10.5,10.22,10.4,302,FYERS_HISTORY,2026-08-08T23:55:18+05:30
2003-01-30,SMD-0215,SUPREMEIND,NSE:SUPREMEIND-EQ,10.49,10.49,10.21,10.29,986,FYERS_HISTORY,2026-08-08T23:55:18+05:30
2003-01-31,SMD-0215,SUPREMEIND,NSE:SUPREMEIND-EQ,10.1,10.15,10.0,10.0,3276,FYERS_HISTORY,2026-08-08T23:55:18+05:30
2003-02-03,SMD-0215,SUPREMEIND,NSE:SUPREMEIND-EQ,10.0,10.29,9.73,10.21,2292,FYERS_HISTORY,2026-08-08T23:55:18+05:30
2003-02-04,SMD-0215,SUPREMEIND,NSE:SUPREMEIND-EQ,10.2,10.29,10.1,10.13,1849,FYERS_HISTORY,2026-08-08T23:55:18+05:30
2003-02-05,SMD-0215,SUPREMEIND,NSE:SUPREMEIND-EQ,10.2,10.7,9.91,10.37,5772,FYERS_HISTORY,2026-08-08T23:55:18+05:30
2003-02-06,SMD-0215,SUPREMEIND,NSE:SUPREMEIND-EQ,10.4,10.8,10.3,10.75,769,FYERS_HISTORY,2026-08-08T23:55:18+05:30
2003-02-07,SMD-0215,SUPREMEIND,NSE:SUPREMEIND-EQ,10.55,10.6,10.31,10.51,658,FYERS_HISTORY,2026-08-08T23:55:18+05:30
2003-02-10,SMD-0215,SUPREMEIND,NSE:SUPREMEIND-EQ,10.26,10.3,10.0,10.04,1285,FYERS_HISTORY,2026-08-08T23:55:18+05:30
2003-02-11,SMD-0215,SUPREMEIND,NSE:SUPREMEIND-EQ,9.93,10.0,9.51,9.7,481,FYERS_HISTORY,2026-08-08T23:55:18+05:30
2003-02-12,SMD-0215,SUPREMEIND,NSE:SUPREMEIND-EQ,9.6,9.78,9.45,9.78,563,FYERS_HISTORY,2026-08-08T23:55:18+05:30
2003-02-14,SMD-0215,SUPREMEIND,NSE:SUPREMEIND-EQ,9.8,9.8,9.26,9.28,300,FYERS_HISTORY,2026-08-08T23:55:18+05:30
2003-02-17,SMD-0215,SUPREMEIND,NSE:SUPREMEIND-EQ,9.2,9.63,9.2,9.35,6214,FYERS_HISTORY,2026-08-08T23:55:18+05:30
2003-02-18,SMD-0215,SUPREMEIND,NSE:SUPREMEIND-EQ,9.51,9.51,9.32,9.33,240,FYERS_HISTORY,2026-08-08T23:55:18+05:30
2003-02-19,SMD-0215,SUPREMEIND,NSE:SUPREMEIND-EQ,9.47,9.5,9.47,9.5,500,FYERS_HISTORY,2026-08-08T23:55:18+05:30
2003-02-20,SMD-0215,SUPREMEIND,NSE:SUPREMEIND-EQ,9.36,9.56,9.32,9.35,182,FYERS_HISTORY,2026-08-08T23:55:18+05:30
2003-02-21,SMD-0215,SUPREMEIND,NSE:SUPREMEIND-EQ,9.32,9.32,9.15,9.15,312,FYERS_HISTORY,2026-08-08T23:55:18+05:30
2003-02-24,SMD-0215,SUPREMEIND,NSE:SUPREMEIND-EQ,8.65,9.4,8.65,9.03,685,FYERS_HISTORY,2026-08-08T23:55:18+05:30
2003-02-25,SMD-0215,SUPREMEIND,NSE:SUPREMEIND-EQ,8.75,9.0,8.75,9.0,656,FYERS_HISTORY,2026-08-08T23:55:18+05:30
2003-02-26,SMD-0215,SUPREMEIND,NSE:SUPREMEIND-EQ,9.2,9.2,9.0,9.14,366,FYERS_HISTORY,2026-08-08T23:55:18+05:30
2003-02-27,SMD-0215,SUPREMEIND,NSE:SUPREMEIND-EQ,8.75,8.8,8.75,8.8,52,FYERS_HISTORY,2026-08-08T23:55:18+05:30
2003-02-28,SMD-0215,SUPREMEIND,NSE:SUPREMEIND-EQ,8.81,9.0,8.81,8.9,96,FYERS_HISTORY,2026-08-08T23:55:18+05:30
2003-03-03,SMD-0215,SUPREMEIND,NSE:SUPREMEIND-EQ,8.5,9.21,8.5,8.95,669,FYERS_HISTORY,2026-08-08T23:55:18+05:30
2003-03-04,SMD-0215,SUPREMEIND,NSE:SUPREMEIND-EQ,8.72,8.83,8.7,8.8,1126,FYERS_HISTORY,2026-08-08T23:55:18+05:30
2003-03-05,SMD-0215,SUPREMEIND,NSE:SUPREMEIND-EQ,8.53,8.7,8.53,8.7,62,FYERS_HISTORY,2026-08-08T23:55:18+05:30
2003-03-06,SMD-0215,SUPREMEIND,NSE:SUPREMEIND-EQ,8.3,8.4,8.3,8.38,1268,FYERS_HISTORY,2026-08-08T23:55:18+05:30
2003-03-07,SMD-0215,SUPREMEIND,NSE:SUPREMEIND-EQ,8.35,8.41,8.2,8.38,685,FYERS_HISTORY,2026-08-08T23:55:18+05:30
2003-03-10,SMD-0215,SUPREMEIND,NSE:SUPREMEIND-EQ,8.31,8.7,8.31,8.66,3081,FYERS_HISTORY,2026-08-08T23:55:18+05:30
2003-03-11,SMD-0215,SUPREMEIND,NSE:SUPREMEIND-EQ,8.23,8.23,8.23,8.23,50,FYERS_HISTORY,2026-08-08T23:55:18+05:30
2003-03-12,SMD-0215,SUPREMEIND,NSE:SUPREMEIND-EQ,8.5,8.69,8.35,8.36,543,FYERS_HISTORY,2026-08-08T23:55:18+05:30
2003-03-13,SMD-0215,SUPREMEIND,NSE:SUPREMEIND-EQ,8.45,8.45,8.32,8.35,280,FYERS_HISTORY,2026-08-08T23:55:18+05:30
2003-03-17,SMD-0215,SUPREMEIND,NSE:SUPREMEIND-EQ,8.4,8.4,8.21,8.21,181,FYERS_HISTORY,2026-08-08T23:55:18+05:30
2003-03-19,SMD-0215,SUPREMEIND,NSE:SUPREMEIND-EQ,8.23,8.4,8.1,8.14,467,FYERS_HISTORY,2026-08-08T23:55:18+05:30
2003-03-20,SMD-0215,SUPREMEIND,NSE:SUPREMEIND-EQ,8.21,8.35,8.21,8.35,14,FYERS_HISTORY,2026-08-08T23:55:18+05:30
2003-03-21,SMD-0215,SUPREMEIND,NSE:SUPREMEIND-EQ,8.26,8.4,8.2,8.3,54,FYERS_HISTORY,2026-08-08T23:55:18+05:30
2003-03-22,SMD-0215,SUPREMEIND,NSE:SUPREMEIND-EQ,8.25,8.5,8.2,8.45,1110,FYERS_HISTORY,2026-08-08T23:55:18+05:30
2003-03-24,SMD-0215,SUPREMEIND,NSE:SUPREMEIND-EQ,8.1,8.25,8.1,8.21,1021,FYERS_HISTORY,2026-08-08T23:55:18+05:30
2003-03-25,SMD-0215,SUPREMEIND,NSE:SUPREMEIND-EQ,8.1,8.1,7.93,7.95,728,FYERS_HISTORY,2026-08-08T23:55:18+05:30
2003-03-26,SMD-0215,SUPREMEIND,NSE:SUPREMEIND-EQ,7.9,8.15,7.81,7.87,1421,FYERS_HISTORY,2026-08-08T23:55:18+05:30
2003-03-27,SMD-0215,SUPREMEIND,NSE:SUPREMEIND-EQ,8.2,8.2,8.2,8.2,20,FYERS_HISTORY,2026-08-08T23:55:18+05:30
2003-03-28,SMD-0215,SUPREMEIND,NSE:SUPREMEIND-EQ,8.3,8.4,7.91,7.91,410,FYERS_HISTORY,2026-08-08T23:55:18+05:30
2003-03-31,SMD-0215,SUPREMEIND,NSE:SUPREMEIND-EQ,7.8,8.12,7.53,7.8,550,FYERS_HISTORY,2026-08-08T23:55:18+05:30
2003-04-02,SMD-0215,SUPREMEIND,NSE:SUPREMEIND-EQ,7.85,7.85,7.7,7.7,92,FYERS_HISTORY,2026-08-08T23:55:18+05:30
2003-04-03,SMD-0215,SUPREMEIND,NSE:SUPREMEIND-EQ,7.99,8.0,7.83,7.83,65,FYERS_HISTORY,2026-08-08T23:55:18+05:30
2003-04-04,SMD-0215,SUPREMEIND,NSE:SUPREMEIND-EQ,8.0,8.37,7.93,8.31,1571,FYERS_HISTORY,2026-08-08T23:55:18+05:30
2003-04-07,SMD-0215,SUPREMEIND,NSE:SUPREMEIND-EQ,8.2,8.35,8.13,8.3,1630,FYERS_HISTORY,2026-08-08T23:55:18+05:30
2003-04-08,SMD-0215,SUPREMEIND,NSE:SUPREMEIND-EQ,8.26,8.4,7.51,7.96,4350,FYERS_HISTORY,2026-08-08T23:55:18+05:30
2003-04-09,SMD-0215,SUPREMEIND,NSE:SUPREMEIND-EQ,7.84,8.02,7.84,8.02,31,FYERS_HISTORY,2026-08-08T23:55:18+05:30
2003-04-10,SMD-0215,SUPREMEIND,NSE:SUPREMEIND-EQ,8.02,8.3,8.0,8.03,628,FYERS_HISTORY,2026-08-08T23:55:18+05:30
2003-04-11,SMD-0215,SUPREMEIND,NSE:SUPREMEIND-EQ,8.02,8.2,8.02,8.15,350,FYERS_HISTORY,2026-08-08T23:55:18+05:30
2003-04-15,SMD-0215,SUPREMEIND,NSE:SUPREMEIND-EQ,8.0,8.0,8.0,8.0,10,FYERS_HISTORY,2026-08-08T23:55:18+05:30
2003-04-16,SMD-0215,SUPREMEIND,NSE:SUPREMEIND-EQ,8.01,8.11,8.01,8.11,711,FYERS_HISTORY,2026-08-08T23:55:18+05:30
2003-04-17,SMD-0215,SUPREMEIND,NSE:SUPREMEIND-EQ,8.06,8.23,7.9,8.0,645,FYERS_HISTORY,2026-08-08T23:55:18+05:30
2003-04-21,SMD-0215,SUPREMEIND,NSE:SUPREMEIND-EQ,7.75,7.82,7.75,7.82,8,FYERS_HISTORY,2026-08-08T23:55:18+05:30
2003-04-22,SMD-0215,SUPREMEIND,NSE:SUPREMEIND-EQ,8.0,8.03,8.0,8.02,172,FYERS_HISTORY,2026-08-08T23:55:18+05:30
2003-04-23,SMD-0215,SUPREMEIND,NSE:SUPREMEIND-EQ,8.01,8.01,8.01,8.01,100,FYERS_HISTORY,2026-08-08T23:55:18+05:30
2003-04-24,SMD-0215,SUPREMEIND,NSE:SUPREMEIND-EQ,7.86,8.2,7.86,8.19,118,FYERS_HISTORY,2026-08-08T23:55:18+05:30
2003-04-25,SMD-0215,SUPREMEIND,NSE:SUPREMEIND-EQ,8.38,8.38,8.38,8.38,100,FYERS_HISTORY,2026-08-08T23:55:18+05:30
2003-04-28,SMD-0215,SUPREMEIND,NSE:SUPREMEIND-EQ,7.94,8.11,7.81,7.81,257,FYERS_HISTORY,2026-08-08T23:55:18+05:30
2003-04-29,SMD-0215,SUPREMEIND,NSE:SUPREMEIND-EQ,7.83,7.9,7.8,7.84,4350,FYERS_HISTORY,2026-08-08T23:55:18+05:30
2003-04-30,SMD-0215,SUPREMEIND,NSE:SUPREMEIND-EQ,7.9,7.9,7.83,7.83,233,FYERS_HISTORY,2026-08-08T23:55:18+05:30
2003-05-02,SMD-0215,SUPREMEIND,NSE:SUPREMEIND-EQ,7.8,8.2,7.8,8.19,613,FYERS_HISTORY,2026-08-08T23:55:18+05:30
2003-05-05,SMD-0215,SUPREMEIND,NSE:SUPREMEIND-EQ,8.1,8.4,8.1,8.36,10421,FYERS_HISTORY,2026-08-08T23:55:18+05:30
2003-05-06,SMD-0215,SUPREMEIND,NSE:SUPREMEIND-EQ,8.4,8.45,8.35,8.45,454,FYERS_HISTORY,2026-08-08T23:55:18+05:30
2003-05-07,SMD-0215,SUPREMEIND,NSE:SUPREMEIND-EQ,8.31,8.68,8.31,8.56,1569,FYERS_HISTORY,2026-08-08T23:55:18+05:30
2003-05-08,SMD-0215,SUPREMEIND,NSE:SUPREMEIND-EQ,8.43,8.87,8.43,8.7,1004,FYERS_HISTORY,2026-08-08T23:55:18+05:30
2003-05-09,SMD-0215,SUPREMEIND,NSE:SUPREMEIND-EQ,8.7,9.0,8.7,8.97,3900,FYERS_HISTORY,2026-08-08T23:55:18+05:30
2003-05-12,SMD-0215,SUPREMEIND,NSE:SUPREMEIND-EQ,8.9,9.19,8.9,9.17,728,FYERS_HISTORY,2026-08-08T23:55:18+05:30
2003-05-13,SMD-0215,SUPREMEIND,NSE:SUPREMEIND-EQ,9.45,9.89,9.31,9.74,3757,FYERS_HISTORY,2026-08-08T23:55:18+05:30
2003-05-14,SMD-0215,SUPREMEIND,NSE:SUPREMEIND-EQ,9.75,10.6,9.75,10.51,5731,FYERS_HISTORY,2026-08-08T23:55:18+05:30
2003-05-15,SMD-0215,SUPREMEIND,NSE:SUPREMEIND-EQ,10.6,10.8,10.1,10.17,5330,FYERS_HISTORY,2026-08-08T23:55:18+05:30
2003-05-16,SMD-0215,SUPREMEIND,NSE:SUPREMEIND-EQ,10.13,10.3,10.0,10.0,3054,FYERS_HISTORY,2026-08-08T23:55:18+05:30
2003-05-19,SMD-0215,SUPREMEIND,NSE:SUPREMEIND-EQ,10.01,10.5,10.0,10.12,2786,FYERS_HISTORY,2026-08-08T23:55:18+05:30
2003-05-20,SMD-0215,SUPREMEIND,NSE:SUPREMEIND-EQ,9.86,10.7,9.86,10.34,1840,FYERS_HISTORY,2026-08-08T23:55:18+05:30
2003-05-21,SMD-0215,SUPREMEIND,NSE:SUPREMEIND-EQ,10.26,10.4,10.26,10.31,525,FYERS_HISTORY,2026-08-08T23:55:18+05:30
2003-05-22,SMD-0215,SUPREMEIND,NSE:SUPREMEIND-EQ,10.6,11.1,10.2,11.02,5658,FYERS_HISTORY,2026-08-08T23:55:18+05:30
2003-05-23,SMD-0215,SUPREMEIND,NSE:SUPREMEIND-EQ,11.11,11.7,11.11,11.46,8029,FYERS_HISTORY,2026-08-08T23:55:18+05:30
2003-05-26,SMD-0215,SUPREMEIND,NSE:SUPREMEIND-EQ,11.9,11.95,11.3,11.56,8373,FYERS_HISTORY,2026-08-08T23:55:18+05:30
2003-05-27,SMD-0215,SUPREMEIND,NSE:SUPREMEIND-EQ,11.55,11.98,10.86,11.1,20501,FYERS_HISTORY,2026-08-08T23:55:18+05:30
2003-05-28,SMD-0215,SUPREMEIND,NSE:SUPREMEIND-EQ,11.06,11.1,10.6,10.83,1804,FYERS_HISTORY,2026-08-08T23:55:18+05:30
2003-05-29,SMD-0215,SUPREMEIND,NSE:SUPREMEIND-EQ,10.46,11.0,10.46,10.96,1662,FYERS_HISTORY,2026-08-08T23:55:18+05:30
2003-05-30,SMD-0215,SUPREMEIND,NSE:SUPREMEIND-EQ,11.1,11.65,11.0,11.47,4785,FYERS_HISTORY,2026-08-08T23:55:18+05:30
2003-06-02,SMD-0215,SUPREMEIND,NSE:SUPREMEIND-EQ,11.45,11.5,11.17,11.22,6711,FYERS_HISTORY,2026-08-08T23:55:18+05:30
2003-06-03,SMD-0215,SUPREMEIND,NSE:SUPREMEIND-EQ,11.13,11.45,11.0,11.04,2015,FYERS_HISTORY,2026-08-08T23:55:18+05:30
2003-06-04,SMD-0215,SUPREMEIND,NSE:SUPREMEIND-EQ,11.01,11.12,11.01,11.01,175,FYERS_HISTORY,2026-08-08T23:55:18+05:30
2003-06-05,SMD-0215,SUPREMEIND,NSE:SUPREMEIND-EQ,11.16,11.2,11.0,11.0,4204,FYERS_HISTORY,2026-08-08T23:55:18+05:30
2003-06-06,SMD-0215,SUPREMEIND,NSE:SUPREMEIND-EQ,11.3,11.3,11.06,11.28,1051,FYERS_HISTORY,2026-08-08T23:55:18+05:30
2003-06-09,SMD-0215,SUPREMEIND,NSE:SUPREMEIND-EQ,11.2,11.4,10.67,11.09,4694,FYERS_HISTORY,2026-08-08T23:55:18+05:30
2003-06-10,SMD-0215,SUPREMEIND,NSE:SUPREMEIND-EQ,11.3,11.6,11.26,11.49,3372,FYERS_HISTORY,2026-08-08T23:55:18+05:30
2003-06-11,SMD-0215,SUPREMEIND,NSE:SUPREMEIND-EQ,11.5,11.5,11.25,11.25,7812,FYERS_HISTORY,2026-08-08T23:55:18+05:30
2003-06-12,SMD-0215,SUPREMEIND,NSE:SUPREMEIND-EQ,11.5,11.5,11.0,11.08,2010,FYERS_HISTORY,2026-08-08T23:55:18+05:30
2003-06-13,SMD-0215,SUPREMEIND,NSE:SUPREMEIND-EQ,11.5,11.5,11.12,11.15,1785,FYERS_HISTORY,2026-08-08T23:55:18+05:30
2003-06-16,SMD-0215,SUPREMEIND,NSE:SUPREMEIND-EQ,10.9,11.8,10.8,11.61,8247,FYERS_HISTORY,2026-08-08T23:55:18+05:30
2003-06-17,SMD-0215,SUPREMEIND,NSE:SUPREMEIND-EQ,11.7,12.77,11.7,12.72,29839,FYERS_HISTORY,2026-08-08T23:55:18+05:30
2003-06-18,SMD-0215,SUPREMEIND,NSE:SUPREMEIND-EQ,13.0,13.15,12.7,12.81,20567,FYERS_HISTORY,2026-08-08T23:55:18+05:30
2003-06-19,SMD-0215,SUPREMEIND,NSE:SUPREMEIND-EQ,12.9,13.3,12.9,13.13,15936,FYERS_HISTORY,2026-08-08T23:55:18+05:30
2003-06-20,SMD-0215,SUPREMEIND,NSE:SUPREMEIND-EQ,13.03,13.25,13.02,13.16,2610,FYERS_HISTORY,2026-08-08T23:55:18+05:30
2003-06-23,SMD-0215,SUPREMEIND,NSE:SUPREMEIND-EQ,13.16,13.16,12.81,12.91,7472,FYERS_HISTORY,2026-08-08T23:55:18+05:30
2003-06-24,SMD-0215,SUPREMEIND,NSE:SUPREMEIND-EQ,12.32,13.0,12.32,12.94,5540,FYERS_HISTORY,2026-08-08T23:55:18+05:30
2003-06-25,SMD-0215,SUPREMEIND,NSE:SUPREMEIND-EQ,12.91,13.3,12.91,13.27,10294,FYERS_HISTORY,2026-08-08T23:55:18+05:30
2003-06-26,SMD-0215,SUPREMEIND,NSE:SUPREMEIND-EQ,13.0,13.2,12.6,12.72,5071,FYERS_HISTORY,2026-08-08T23:55:18+05:30
2003-06-27,SMD-0215,SUPREMEIND,NSE:SUPREMEIND-EQ,12.72,13.1,12.7,12.98,6143,FYERS_HISTORY,2026-08-08T23:55:18+05:30
2003-06-30,SMD-0215,SUPREMEIND,NSE:SUPREMEIND-EQ,12.95,13.33,12.95,13.13,3339,FYERS_HISTORY,2026-08-08T23:55:18+05:30
2003-07-01,SMD-0215,SUPREMEIND,NSE:SUPREMEIND-EQ,12.61,13.1,12.6,12.82,1230,FYERS_HISTORY,2026-08-08T23:55:18+05:30
2003-07-02,SMD-0215,SUPREMEIND,NSE:SUPREMEIND-EQ,12.82,13.98,12.82,13.5,19682,FYERS_HISTORY,2026-08-08T23:55:18+05:30
2003-07-03,SMD-0215,SUPREMEIND,NSE:SUPREMEIND-EQ,13.81,13.98,13.21,13.49,7562,FYERS_HISTORY,2026-08-08T23:55:18+05:30
2003-07-04,SMD-0215,SUPREMEIND,NSE:SUPREMEIND-EQ,13.05,13.3,13.05,13.25,774,FYERS_HISTORY,2026-08-08T23:55:18+05:30
2003-07-07,SMD-0215,SUPREMEIND,NSE:SUPREMEIND-EQ,13.0,13.5,12.9,13.2,3074,FYERS_HISTORY,2026-08-08T23:55:18+05:30
2003-07-08,SMD-0215,SUPREMEIND,NSE:SUPREMEIND-EQ,13.69,13.7,13.1,13.11,4013,FYERS_HISTORY,2026-08-08T23:55:18+05:30
2003-07-09,SMD-0215,SUPREMEIND,NSE:SUPREMEIND-EQ,12.8,13.0,12.7,12.78,3246,FYERS_HISTORY,2026-08-08T23:55:18+05:30
2003-07-10,SMD-0215,SUPREMEIND,NSE:SUPREMEIND-EQ,11.63,13.5,11.63,13.08,4653,FYERS_HISTORY,2026-08-08T23:55:18+05:30
2003-07-11,SMD-0215,SUPREMEIND,NSE:SUPREMEIND-EQ,13.1,13.1,12.65,12.66,475,FYERS_HISTORY,2026-08-08T23:55:18+05:30
2003-07-14,SMD-0215,SUPREMEIND,NSE:SUPREMEIND-EQ,12.99,12.99,12.75,12.76,3423,FYERS_HISTORY,2026-08-08T23:55:18+05:30
2003-07-15,SMD-0215,SUPREMEIND,NSE:SUPREMEIND-EQ,12.42,12.59,12.42,12.54,5076,FYERS_HISTORY,2026-08-08T23:55:18+05:30
2003-07-16,SMD-0215,SUPREMEIND,NSE:SUPREMEIND-EQ,12.62,13.0,12.62,12.91,1167,FYERS_HISTORY,2026-08-08T23:55:18+05:30
2003-07-17,SMD-0215,SUPREMEIND,NSE:SUPREMEIND-EQ,12.53,12.8,12.53,12.57,1308,FYERS_HISTORY,2026-08-08T23:55:18+05:30
2003-07-18,SMD-0215,SUPREMEIND,NSE:SUPREMEIND-EQ,12.36,12.7,12.2,12.57,1155,FYERS_HISTORY,2026-08-08T23:55:18+05:30
2003-07-21,SMD-0215,SUPREMEIND,NSE:SUPREMEIND-EQ,12.31,12.49,12.21,12.22,3105,FYERS_HISTORY,2026-08-08T23:55:18+05:30
2003-07-22,SMD-0215,SUPREMEIND,NSE:SUPREMEIND-EQ,13.0,13.0,12.11,12.35,340,FYERS_HISTORY,2026-08-08T23:55:18+05:30
2003-07-23,SMD-0215,SUPREMEIND,NSE:SUPREMEIND-EQ,12.4,12.45,12.3,12.3,364,FYERS_HISTORY,2026-08-08T23:55:18+05:30
2003-07-24,SMD-0215,SUPREMEIND,NSE:SUPREMEIND-EQ,12.1,12.34,12.1,12.31,411,FYERS_HISTORY,2026-08-08T23:55:18+05:30
2003-07-25,SMD-0215,SUPREMEIND,NSE:SUPREMEIND-EQ,12.3,12.9,12.3,12.42,1108,FYERS_HISTORY,2026-08-08T23:55:18+05:30
2003-07-28,SMD-0215,SUPREMEIND,NSE:SUPREMEIND-EQ,12.7,13.4,12.45,13.01,3549,FYERS_HISTORY,2026-08-08T23:55:18+05:30
2003-07-29,SMD-0215,SUPREMEIND,NSE:SUPREMEIND-EQ,12.91,13.23,12.8,13.12,3194,FYERS_HISTORY,2026-08-08T23:55:18+05:30
2003-07-30,SMD-0215,SUPREMEIND,NSE:SUPREMEIND-EQ,13.4,13.4,12.92,13.04,1504,FYERS_HISTORY,2026-08-08T23:55:18+05:30
2003-07-31,SMD-0215,SUPREMEIND,NSE:SUPREMEIND-EQ,14.0,14.27,13.02,13.26,5701,FYERS_HISTORY,2026-08-08T23:55:18+05:30
2003-08-01,SMD-0215,SUPREMEIND,NSE:SUPREMEIND-EQ,13.6,13.79,12.85,13.64,17783,FYERS_HISTORY,2026-08-08T23:55:18+05:30
2003-08-04,SMD-0215,SUPREMEIND,NSE:SUPREMEIND-EQ,13.5,13.87,13.02,13.8,7813,FYERS_HISTORY,2026-08-08T23:55:18+05:30
2003-08-05,SMD-0215,SUPREMEIND,NSE:SUPREMEIND-EQ,13.9,15.37,13.9,14.14,18167,FYERS_HISTORY,2026-08-08T23:55:18+05:30
2003-08-06,SMD-0215,SUPREMEIND,NSE:SUPREMEIND-EQ,14.75,14.75,14.0,14.15,4721,FYERS_HISTORY,2026-08-08T23:55:18+05:30
2003-08-07,SMD-0215,SUPREMEIND,NSE:SUPREMEIND-EQ,14.2,14.85,14.0,14.06,5254,FYERS_HISTORY,2026-08-08T23:55:18+05:30
2003-08-08,SMD-0215,SUPREMEIND,NSE:SUPREMEIND-EQ,14.02,14.38,14.02,14.26,4678,FYERS_HISTORY,2026-08-08T23:55:18+05:30
2003-08-11,SMD-0215,SUPREMEIND,NSE:SUPREMEIND-EQ,14.01,14.5,14.01,14.3,14570,FYERS_HISTORY,2026-08-08T23:55:18+05:30
2003-08-12,SMD-0215,SUPREMEIND,NSE:SUPREMEIND-EQ,14.0,14.3,13.1,14.07,8125,FYERS_HISTORY,2026-08-08T23:55:18+05:30
2003-08-13,SMD-0215,SUPREMEIND,NSE:SUPREMEIND-EQ,14.0,14.0,13.7,13.87,3446,FYERS_HISTORY,2026-08-08T23:55:18+05:30
2003-08-14,SMD-0215,SUPREMEIND,NSE:SUPREMEIND-EQ,13.5,14.0,13.5,13.77,2112,FYERS_HISTORY,2026-08-08T23:55:18+05:30
2003-08-18,SMD-0215,SUPREMEIND,NSE:SUPREMEIND-EQ,13.95,13.95,13.4,13.5,4174,FYERS_HISTORY,2026-08-08T23:55:18+05:30
2003-08-19,SMD-0215,SUPREMEIND,NSE:SUPREMEIND-EQ,13.0,13.5,12.63,13.23,4745,FYERS_HISTORY,2026-08-08T23:55:18+05:30
2003-08-20,SMD-0215,SUPREMEIND,NSE:SUPREMEIND-EQ,13.43,13.5,13.31,13.48,1062,FYERS_HISTORY,2026-08-08T23:55:18+05:30
2003-08-21,SMD-0215,SUPREMEIND,NSE:SUPREMEIND-EQ,13.5,13.5,13.25,13.43,1567,FYERS_HISTORY,2026-08-08T23:55:18+05:30
2003-08-22,SMD-0215,SUPREMEIND,NSE:SUPREMEIND-EQ,13.2,13.6,13.2,13.47,6458,FYERS_HISTORY,2026-08-08T23:55:18+05:30
2003-08-25,SMD-0215,SUPREMEIND,NSE:SUPREMEIND-EQ,13.22,13.3,12.51,13.0,2025,FYERS_HISTORY,2026-08-08T23:55:18+05:30
2003-08-26,SMD-0215,SUPREMEIND,NSE:SUPREMEIND-EQ,13.2,13.2,12.54,12.63,1286,FYERS_HISTORY,2026-08-08T23:55:18+05:30
2003-08-27,SMD-0215,SUPREMEIND,NSE:SUPREMEIND-EQ,13.01,13.5,13.01,13.29,9465,FYERS_HISTORY,2026-08-08T23:55:18+05:30
2003-08-28,SMD-0215,SUPREMEIND,NSE:SUPREMEIND-EQ,13.3,13.5,12.9,12.95,6915,FYERS_HISTORY,2026-08-08T23:55:18+05:30
2003-08-29,SMD-0215,SUPREMEIND,NSE:SUPREMEIND-EQ,12.9,13.2,12.8,12.94,2365,FYERS_HISTORY,2026-08-08T23:55:18+05:30
2003-09-01,SMD-0215,SUPREMEIND,NSE:SUPREMEIND-EQ,13.0,14.2,13.0,14.03,17308,FYERS_HISTORY,2026-08-08T23:55:18+05:30
2003-09-02,SMD-0215,SUPREMEIND,NSE:SUPREMEIND-EQ,14.21,15.94,14.2,15.63,49506,FYERS_HISTORY,2026-08-08T23:55:18+05:30
2003-09-03,SMD-0215,SUPREMEIND,NSE:SUPREMEIND-EQ,16.48,16.73,15.55,15.95,40278,FYERS_HISTORY,2026-08-08T23:55:18+05:30
2003-09-04,SMD-0215,SUPREMEIND,NSE:SUPREMEIND-EQ,15.65,16.25,15.4,15.61,23727,FYERS_HISTORY,2026-08-08T23:55:18+05:30
2003-09-05,SMD-0215,SUPREMEIND,NSE:SUPREMEIND-EQ,15.95,16.0,15.4,15.56,9654,FYERS_HISTORY,2026-08-08T23:55:18+05:30
2003-09-08,SMD-0215,SUPREMEIND,NSE:SUPREMEIND-EQ,15.9,15.9,15.1,15.74,14262,FYERS_HISTORY,2026-08-08T23:55:18+05:30
2003-09-09,SMD-0215,SUPREMEIND,NSE:SUPREMEIND-EQ,15.31,15.95,15.31,15.58,8583,FYERS_HISTORY,2026-08-08T23:55:18+05:30
2003-09-10,SMD-0215,SUPREMEIND,NSE:SUPREMEIND-EQ,16.0,16.0,15.2,15.66,11434,FYERS_HISTORY,2026-08-08T23:55:18+05:30
2003-09-11,SMD-0215,SUPREMEIND,NSE:SUPREMEIND-EQ,15.6,15.85,15.5,15.68,5706,FYERS_HISTORY,2026-08-08T23:55:18+05:30
2003-09-12,SMD-0215,SUPREMEIND,NSE:SUPREMEIND-EQ,15.6,15.7,15.17,15.67,4693,FYERS_HISTORY,2026-08-08T23:55:18+05:30
2003-09-15,SMD-0215,SUPREMEIND,NSE:SUPREMEIND-EQ,14.2,15.8,14.18,15.11,796,FYERS_HISTORY,2026-08-08T23:55:18+05:30
2003-09-16,SMD-0215,SUPREMEIND,NSE:SUPREMEIND-EQ,14.98,15.3,14.85,15.17,2841,FYERS_HISTORY,2026-08-08T23:55:18+05:30
2003-09-17,SMD-0215,SUPREMEIND,NSE:SUPREMEIND-EQ,15.1,15.5,15.01,15.23,3054,FYERS_HISTORY,2026-08-08T23:55:18+05:30
2003-09-18,SMD-0215,SUPREMEIND,NSE:SUPREMEIND-EQ,15.03,15.11,14.8,14.8,2893,FYERS_HISTORY,2026-08-08T23:55:18+05:30
2003-09-19,SMD-0215,SUPREMEIND,NSE:SUPREMEIND-EQ,14.99,15.07,14.73,14.85,1099,FYERS_HISTORY,2026-08-08T23:55:18+05:30
2003-09-22,SMD-0215,SUPREMEIND,NSE:SUPREMEIND-EQ,15.3,15.3,14.76,14.8,791,FYERS_HISTORY,2026-08-08T23:55:18+05:30
2003-09-23,SMD-0215,SUPREMEIND,NSE:SUPREMEIND-EQ,15.0,15.1,14.85,15.08,3987,FYERS_HISTORY,2026-08-08T23:55:18+05:30
2003-09-24,SMD-0215,SUPREMEIND,NSE:SUPREMEIND-EQ,15.2,15.39,15.0,15.13,3097,FYERS_HISTORY,2026-08-08T23:55:18+05:30
2003-09-25,SMD-0215,SUPREMEIND,NSE:SUPREMEIND-EQ,15.0,15.3,14.97,15.04,2626,FYERS_HISTORY,2026-08-08T23:55:18+05:30
2003-09-26,SMD-0215,SUPREMEIND,NSE:SUPREMEIND-EQ,15.4,15.4,15.23,15.4,4007,FYERS_HISTORY,2026-08-08T23:55:18+05:30
2003-09-29,SMD-0215,SUPREMEIND,NSE:SUPREMEIND-EQ,15.15,17.65,15.15,16.93,30186,FYERS_HISTORY,2026-08-08T23:55:18+05:30
2003-09-30,SMD-0215,SUPREMEIND,NSE:SUPREMEIND-EQ,16.9,17.75,16.9,17.7,40303,FYERS_HISTORY,2026-08-08T23:55:18+05:30
2003-10-01,SMD-0215,SUPREMEIND,NSE:SUPREMEIND-EQ,17.4,17.84,17.4,17.61,12566,FYERS_HISTORY,2026-08-08T23:55:18+05:30
2003-10-03,SMD-0215,SUPREMEIND,NSE:SUPREMEIND-EQ,17.5,19.2,17.5,18.67,68598,FYERS_HISTORY,2026-08-08T23:55:18+05:30
2003-10-06,SMD-0215,SUPREMEIND,NSE:SUPREMEIND-EQ,18.9,19.8,18.71,19.14,34810,FYERS_HISTORY,2026-08-08T23:55:18+05:30
2003-10-07,SMD-0215,SUPREMEIND,NSE:SUPREMEIND-EQ,19.2,19.95,18.72,19.76,29021,FYERS_HISTORY,2026-08-08T23:55:18+05:30
2003-10-08,SMD-0215,SUPREMEIND,NSE:SUPREMEIND-EQ,19.7,20.69,19.55,20.25,27108,FYERS_HISTORY,2026-08-08T23:55:18+05:30
2003-10-09,SMD-0215,SUPREMEIND,NSE:SUPREMEIND-EQ,20.49,21.45,20.49,21.12,33605,FYERS_HISTORY,2026-08-08T23:55:18+05:30
2003-10-10,SMD-0215,SUPREMEIND,NSE:SUPREMEIND-EQ,21.0,22.35,21.0,21.9,21837,FYERS_HISTORY,2026-08-08T23:55:18+05:30
2003-10-13,SMD-0215,SUPREMEIND,NSE:SUPREMEIND-EQ,21.01,21.85,21.01,21.25,14960,FYERS_HISTORY,2026-08-08T23:55:18+05:30
2003-10-14,SMD-0215,SUPREMEIND,NSE:SUPREMEIND-EQ,21.5,21.5,20.3,20.37,12149,FYERS_HISTORY,2026-08-08T23:55:18+05:30
2003-10-15,SMD-0215,SUPREMEIND,NSE:SUPREMEIND-EQ,20.2,20.4,19.41,19.66,5411,FYERS_HISTORY,2026-08-08T23:55:18+05:30
2003-10-16,SMD-0215,SUPREMEIND,NSE:SUPREMEIND-EQ,19.7,20.5,19.7,20.44,6272,FYERS_HISTORY,2026-08-08T23:55:18+05:30
2003-10-17,SMD-0215,SUPREMEIND,NSE:SUPREMEIND-EQ,20.4,21.4,20.4,20.83,24028,FYERS_HISTORY,2026-08-08T23:55:18+05:30
2003-10-20,SMD-0215,SUPREMEIND,NSE:SUPREMEIND-EQ,23.5,23.5,19.8,20.01,15854,FYERS_HISTORY,2026-08-08T23:55:18+05:30
2003-10-21,SMD-0215,SUPREMEIND,NSE:SUPREMEIND-EQ,20.38,20.38,19.5,19.55,5862,FYERS_HISTORY,2026-08-08T23:55:18+05:30
2003-10-22,SMD-0215,SUPREMEIND,NSE:SUPREMEIND-EQ,19.1,19.79,19.1,19.29,8640,FYERS_HISTORY,2026-08-08T23:55:18+05:30
2003-10-23,SMD-0215,SUPREMEIND,NSE:SUPREMEIND-EQ,19.95,20.35,19.65,19.95,22873,FYERS_HISTORY,2026-08-08T23:55:18+05:30
2003-10-24,SMD-0215,SUPREMEIND,NSE:SUPREMEIND-EQ,19.9,20.35,19.56,19.87,7611,FYERS_HISTORY,2026-08-08T23:55:18+05:30
2003-10-25,SMD-0215,SUPREMEIND,NSE:SUPREMEIND-EQ,20.3,20.6,20.2,20.36,2616,FYERS_HISTORY,2026-08-08T23:55:18+05:30
2003-10-27,SMD-0215,SUPREMEIND,NSE:SUPREMEIND-EQ,19.72,20.1,19.71,19.82,14514,FYERS_HISTORY,2026-08-08T23:55:18+05:30
2003-10-28,SMD-0215,SUPREMEIND,NSE:SUPREMEIND-EQ,19.8,19.95,19.55,19.59,5208,FYERS_HISTORY,2026-08-08T23:55:18+05:30
2003-10-29,SMD-0215,SUPREMEIND,NSE:SUPREMEIND-EQ,19.5,20.0,19.5,19.75,1715,FYERS_HISTORY,2026-08-08T23:55:18+05:30
2003-10-30,SMD-0215,SUPREMEIND,NSE:SUPREMEIND-EQ,20.0,20.09,19.71,20.0,2299,FYERS_HISTORY,2026-08-08T23:55:18+05:30
2003-10-31,SMD-0215,SUPREMEIND,NSE:SUPREMEIND-EQ,19.75,20.6,19.75,20.49,6485,FYERS_HISTORY,2026-08-08T23:55:18+05:30
2003-11-03,SMD-0215,SUPREMEIND,NSE:SUPREMEIND-EQ,20.8,21.1,20.3,20.83,6961,FYERS_HISTORY,2026-08-08T23:55:18+05:30
2003-11-04,SMD-0215,SUPREMEIND,NSE:SUPREMEIND-EQ,20.5,20.7,20.11,20.29,3634,FYERS_HISTORY,2026-08-08T23:55:18+05:30
2003-11-05,SMD-0215,SUPREMEIND,NSE:SUPREMEIND-EQ,20.0,20.5,19.3,19.52,16122,FYERS_HISTORY,2026-08-08T23:55:18+05:30
2003-11-06,SMD-0215,SUPREMEIND,NSE:SUPREMEIND-EQ,19.97,20.3,19.85,19.91,4273,FYERS_HISTORY,2026-08-08T23:55:18+05:30
2003-11-07,SMD-0215,SUPREMEIND,NSE:SUPREMEIND-EQ,20.01,20.2,19.83,19.87,1904,FYERS_HISTORY,2026-08-08T23:55:18+05:30
2003-11-10,SMD-0215,SUPREMEIND,NSE:SUPREMEIND-EQ,19.8,20.0,19.61,19.95,1031,FYERS_HISTORY,2026-08-08T23:55:18+05:30
2003-11-11,SMD-0215,SUPREMEIND,NSE:SUPREMEIND-EQ,20.1,20.1,19.66,19.72,4206,FYERS_HISTORY,2026-08-08T23:55:18+05:30
2003-11-12,SMD-0215,SUPREMEIND,NSE:SUPREMEIND-EQ,20.3,20.9,19.6,20.58,11050,FYERS_HISTORY,2026-08-08T23:55:18+05:30
2003-11-13,SMD-0215,SUPREMEIND,NSE:SUPREMEIND-EQ,20.9,21.25,20.22,20.49,14987,FYERS_HISTORY,2026-08-08T23:55:18+05:30
2003-11-14,SMD-0215,SUPREMEIND,NSE:SUPREMEIND-EQ,20.2,20.4,19.32,19.4,4925,FYERS_HISTORY,2026-08-08T23:55:18+05:30
2003-11-15,SMD-0215,SUPREMEIND,NSE:SUPREMEIND-EQ,19.3,19.97,19.3,19.57,1181,FYERS_HISTORY,2026-08-08T23:55:18+05:30
2003-11-17,SMD-0215,SUPREMEIND,NSE:SUPREMEIND-EQ,19.27,20.47,19.27,20.23,5661,FYERS_HISTORY,2026-08-08T23:55:18+05:30
2003-11-18,SMD-0215,SUPREMEIND,NSE:SUPREMEIND-EQ,20.02,20.8,20.02,20.49,12229,FYERS_HISTORY,2026-08-08T23:55:18+05:30
2003-11-19,SMD-0215,SUPREMEIND,NSE:SUPREMEIND-EQ,20.5,20.5,19.95,20.05,1217,FYERS_HISTORY,2026-08-08T23:55:18+05:30
2003-11-20,SMD-0215,SUPREMEIND,NSE:SUPREMEIND-EQ,20.5,20.5,19.0,19.24,6817,FYERS_HISTORY,2026-08-08T23:55:18+05:30
2003-11-21,SMD-0215,SUPREMEIND,NSE:SUPREMEIND-EQ,19.1,19.3,18.86,19.09,2962,FYERS_HISTORY,2026-08-08T23:55:18+05:30
2003-11-24,SMD-0215,SUPREMEIND,NSE:SUPREMEIND-EQ,19.4,19.78,18.4,19.59,7171,FYERS_HISTORY,2026-08-08T23:55:18+05:30
2003-11-25,SMD-0215,SUPREMEIND,NSE:SUPREMEIND-EQ,19.31,19.99,19.31,19.82,1642,FYERS_HISTORY,2026-08-08T23:55:18+05:30
2003-11-27,SMD-0215,SUPREMEIND,NSE:SUPREMEIND-EQ,19.5,20.4,19.5,20.13,4154,FYERS_HISTORY,2026-08-08T23:55:18+05:30
2003-11-28,SMD-0215,SUPREMEIND,NSE:SUPREMEIND-EQ,20.28,20.28,19.76,19.83,5459,FYERS_HISTORY,2026-08-08T23:55:18+05:30
2003-12-01,SMD-0215,SUPREMEIND,NSE:SUPREMEIND-EQ,20.01,21.58,19.9,21.33,44388,FYERS_HISTORY,2026-08-08T23:55:18+05:30
2003-12-02,SMD-0215,SUPREMEIND,NSE:SUPREMEIND-EQ,21.98,21.98,21.0,21.01,12257,FYERS_HISTORY,2026-08-08T23:55:18+05:30
2003-12-03,SMD-0215,SUPREMEIND,NSE:SUPREMEIND-EQ,21.98,21.98,21.2,21.35,13379,FYERS_HISTORY,2026-08-08T23:55:18+05:30
2003-12-04,SMD-0215,SUPREMEIND,NSE:SUPREMEIND-EQ,21.4,23.5,20.84,22.55,70016,FYERS_HISTORY,2026-08-08T23:55:18+05:30
2003-12-05,SMD-0215,SUPREMEIND,NSE:SUPREMEIND-EQ,23.0,23.2,21.51,21.9,18237,FYERS_HISTORY,2026-08-08T23:55:18+05:30
2003-12-08,SMD-0215,SUPREMEIND,NSE:SUPREMEIND-EQ,22.0,22.45,21.77,22.01,8431,FYERS_HISTORY,2026-08-08T23:55:18+05:30
2003-12-09,SMD-0215,SUPREMEIND,NSE:SUPREMEIND-EQ,22.1,22.8,21.9,22.05,7341,FYERS_HISTORY,2026-08-08T23:55:18+05:30
2003-12-10,SMD-0215,SUPREMEIND,NSE:SUPREMEIND-EQ,22.1,22.95,22.1,22.22,14290,FYERS_HISTORY,2026-08-08T23:55:18+05:30
2003-12-11,SMD-0215,SUPREMEIND,NSE:SUPREMEIND-EQ,22.1,22.43,21.61,21.88,12206,FYERS_HISTORY,2026-08-08T23:55:18+05:30
2003-12-12,SMD-0215,SUPREMEIND,NSE:SUPREMEIND-EQ,22.3,22.3,21.4,21.57,4430,FYERS_HISTORY,2026-08-08T23:55:18+05:30
2003-12-15,SMD-0215,SUPREMEIND,NSE:SUPREMEIND-EQ,22.19,22.64,21.53,21.65,17974,FYERS_HISTORY,2026-08-08T23:55:18+05:30
2003-12-16,SMD-0215,SUPREMEIND,NSE:SUPREMEIND-EQ,21.8,22.17,21.0,21.21,6203,FYERS_HISTORY,2026-08-08T23:55:18+05:30
2003-12-17,SMD-0215,SUPREMEIND,NSE:SUPREMEIND-EQ,21.4,21.76,21.12,21.21,22493,FYERS_HISTORY,2026-08-08T23:55:18+05:30
2003-12-18,SMD-0215,SUPREMEIND,NSE:SUPREMEIND-EQ,21.5,22.4,21.5,21.58,16731,FYERS_HISTORY,2026-08-08T23:55:18+05:30
2003-12-19,SMD-0215,SUPREMEIND,NSE:SUPREMEIND-EQ,21.9,22.49,21.5,21.93,15791,FYERS_HISTORY,2026-08-08T23:55:18+05:30
2003-12-22,SMD-0215,SUPREMEIND,NSE:SUPREMEIND-EQ,22.55,24.1,22.26,23.79,25335,FYERS_HISTORY,2026-08-08T23:55:18+05:30
2003-12-23,SMD-0215,SUPREMEIND,NSE:SUPREMEIND-EQ,24.4,24.5,23.15,23.29,16059,FYERS_HISTORY,2026-08-08T23:55:18+05:30
2003-12-24,SMD-0215,SUPREMEIND,NSE:SUPREMEIND-EQ,23.7,23.7,22.84,23.02,6761,FYERS_HISTORY,2026-08-08T23:55:18+05:30
2003-12-26,SMD-0215,SUPREMEIND,NSE:SUPREMEIND-EQ,23.21,23.7,23.0,23.13,8367,FYERS_HISTORY,2026-08-08T23:55:18+05:30
2003-12-29,SMD-0215,SUPREMEIND,NSE:SUPREMEIND-EQ,23.36,24.1,23.35,23.71,11482,FYERS_HISTORY,2026-08-08T23:55:18+05:30
2003-12-30,SMD-0215,SUPREMEIND,NSE:SUPREMEIND-EQ,24.0,24.0,22.3,22.59,13811,FYERS_HISTORY,2026-08-08T23:55:18+05:30
